{
  "val-loss": 5.726127049180328,
  "val-perplexity": 306.77882529879196,
  "train FLOPs": "1.32e+15"
}