{
  "val-loss": 6.247121710526316,
  "val-perplexity": 516.5239775022977,
  "train FLOPs": "1.00e+15"
}