{
  "val-loss": 5.839562845728334,
  "val-perplexity": 343.62908890167733,
  "train FLOPs": "6.32e+14"
}