{
  "val-loss": 5.820227685886931,
  "val-perplexity": 337.0487861460971,
  "train FLOPs": "8.89e+14"
}