{
  "val-loss": 5.543673155737705,
  "val-perplexity": 255.61519158613152,
  "train FLOPs": "1.35e+15"
}