{
  "val-loss": 6.251233552631579,
  "val-perplexity": 518.6522150311581,
  "train FLOPs": "1.00e+15"
}