{
  "val-loss": 6.173860143442623,
  "val-perplexity": 480.0355402952066,
  "train FLOPs": "6.50e+14"
}