{
  "val-loss": 5.987296279212792,
  "val-perplexity": 398.33616291030745,
  "train FLOPs": "7.37e+14"
}