{
  "val-loss": 5.80735143442623,
  "val-perplexity": 332.7366826634988
}