{
  "val-loss": 5.7241044909873,
  "val-perplexity": 306.1589743258724,
  "train FLOPs": "9.81e+14"
}