{
  "val-loss": 5.582999411102008,
  "val-perplexity": 265.867858050435,
  "train FLOPs": "9.80e+14"
}