{
  "val-loss": 6.25922131147541,
  "val-perplexity": 522.8116741107488
}