{
  "val-loss": 6.155347079918033,
  "val-perplexity": 471.23036867858855,
  "train FLOPs": "5.39e+14"
}