{
  "val-loss": 6.238898026315789,
  "val-perplexity": 512.2936656395362,
  "train FLOPs": "1.00e+15"
}