{
  "val-loss": 6.2261513157894735,
  "val-perplexity": 505.80504869501215,
  "train FLOPs": "9.90e+14"
}