{
  "val-loss": 6.193468237704918,
  "val-perplexity": 489.5410099397608,
  "train FLOPs": "5.44e+14"
}