{
  "val-loss": 5.975025614754099,
  "val-perplexity": 393.4781798088324,
  "train FLOPs": "6.60e+14"
}