{
  "val-loss": 5.757122785231463,
  "val-perplexity": 316.43656192284413,
  "train FLOPs": "6.80e+14"
}