{
  "val-loss": 5.577753586065573,
  "val-perplexity": 264.47681356226656,
  "train FLOPs": "1.36e+15"
}