{
  "val-loss": 5.589781339614912,
  "val-perplexity": 267.6770829400087,
  "train FLOPs": "1.24e+15"
}