{
  "val-loss": 6.187000512295082,
  "val-perplexity": 486.38501018219796,
  "train FLOPs": "5.44e+14"
}