{
  "val-loss": 6.269325657894737,
  "val-perplexity": 528.1211234622821,
  "train FLOPs": "8.52e+14"
}