{
  "val-loss": 5.857671618852459,
  "val-perplexity": 349.90847449826146,
  "train FLOPs": "6.24e+14"
}