{
  "val-loss": 5.712729798238427,
  "val-perplexity": 302.6962411585335,
  "train FLOPs": "8.36e+14"
}