{
  "val-loss": 5.266700819672131,
  "val-perplexity": 193.77560603314305,
  "train FLOPs": "2.72e+15"
}