{
  "val-loss": 5.805725322878229,
  "val-perplexity": 332.19605538063905,
  "train FLOPs": "9.90e+14"
}