{
  "val-loss": 5.683004610655738,
  "val-perplexity": 293.8309525542588,
  "train FLOPs": "1.35e+15"
}