{
  "val-loss": 5.567019151986891,
  "val-perplexity": 261.65298784254287,
  "train FLOPs": "1.09e+15"
}