{
  "val-loss": 5.53311987704918,
  "val-perplexity": 252.93179743989643
}