{
  "val-loss": 4.038460553278688,
  "val-perplexity": 56.73892898007993,
  "train FLOPs": "3.27e+16"
}