{
  "val-loss": 5.724866217738632,
  "val-perplexity": 306.3922726502836,
  "train FLOPs": "8.42e+14"
}