{
  "val-loss": 5.696429485866449,
  "val-perplexity": 297.80219348868377,
  "train FLOPs": "9.33e+14"
}