{
  "val-loss": 5.936750461254612,
  "val-perplexity": 378.7023200546638,
  "train FLOPs": "6.17e+14"
}