{
  "val-loss": 4.679245645491803,
  "val-perplexity": 107.68880638691756,
  "train FLOPs": "1.52e+16"
}