{
  "val-loss": 6.954123975409836,
  "val-perplexity": 1047.4605347286451
}