{
  "val-loss": 5.970133196721312,
  "val-perplexity": 391.55782149468416
}