{
  "val-loss": 7.177625512295082,
  "val-perplexity": 1309.7944720153416
}