{
  "val-loss": 5.594671753379762,
  "val-perplexity": 268.9893407574554,
  "train FLOPs": "1.24e+15"
}