{
  "val-loss": 5.859826645141451,
  "val-perplexity": 350.66334955519744,
  "train FLOPs": "9.21e+14"
}