{
  "val-loss": 6.260655737704918,
  "val-perplexity": 523.5621470095119
}