{
  "val-loss": 5.724897540983607,
  "val-perplexity": 306.40187000080743
}