{
  "val-loss": 3.881373355263158,
  "val-perplexity": 48.490764409459665,
  "train FLOPs": "6.53e+16"
}